client_order_id,trader_id,strategy_id,instrument_id,venue_order_id,position_id,account_id,last_trade_id,type,side,quantity,time_in_force,is_reduce_only,is_quote_quantity,filled_qty,liquidity_side,avg_px,slippage,commissions,emulation_trigger,status,contingency_type,order_list_id,linked_order_ids,parent_order_id,exec_algorithm_id,exec_algorithm_params,exec_spawn_id,tags,init_id,ts_init,ts_last
O-20220513-000000-001-000-1,BACKTESTER-001,DynamicEventStrategy-000,AOSL.SIM,SIM-9-001,AOSL.SIM-DynamicEventStrategy-000,SIM-001,SIM-9-017,MARKET,BUY,20000,GTC,False,False,20000,TAKER,38.75,0.0,['0.00 USD'],NO_TRIGGER,FILLED,NO_CONTINGENCY,,,,,,,,8a1cb13c-a761-4f56-8db7-3f3cf14855cb,2022-05-13 00:00:00+00:00,2022-05-13 00:00:00+00:00
O-20220513-000000-001-000-2,BACKTESTER-001,DynamicEventStrategy-000,DVAX.SIM,SIM-46-001,DVAX.SIM-DynamicEventStrategy-000,SIM-001,SIM-46-017,MARKET,BUY,20000,GTC,False,False,20000,TAKER,9.6,0.0,['0.00 USD'],NO_TRIGGER,FILLED,NO_CONTINGENCY,,,,,,,,61115ca9-4e13-47a5-b06e-9c5fd22bd312,2022-05-13 00:00:00+00:00,2022-05-13 00:00:00+00:00
O-20220513-000000-001-000-3,BACKTESTER-001,DynamicEventStrategy-000,IRT.SIM,SIM-67-001,IRT.SIM-DynamicEventStrategy-000,SIM-001,SIM-67-017,MARKET,BUY,20000,GTC,False,False,20000,TAKER,20.42,0.0,['0.00 USD'],NO_TRIGGER,FILLED,NO_CONTINGENCY,,,,,,,,037fbf12-4e5b-4e67-8d92-ab0377001ce8,2022-05-13 00:00:00+00:00,2022-05-13 00:00:00+00:00
O-20220517-000000-001-000-4,BACKTESTER-001,DynamicEventStrategy-000,AOSL.SIM,SIM-9-002,AOSL.SIM-DynamicEventStrategy-000,SIM-001,SIM-9-020,MARKET,SELL,20000,GTC,True,False,20000,TAKER,40.58,0.0,['0.00 USD'],NO_TRIGGER,FILLED,NO_CONTINGENCY,,,,,,,,99dc02eb-bc64-4aaa-a454-5d72d4cf0fa4,2022-05-17 00:00:00+00:00,2022-05-17 00:00:00+00:00
O-20220517-000000-001-000-5,BACKTESTER-001,DynamicEventStrategy-000,DVAX.SIM,SIM-46-002,DVAX.SIM-DynamicEventStrategy-000,SIM-001,SIM-46-020,MARKET,SELL,20000,GTC,True,False,20000,TAKER,9.73,0.0,['0.00 USD'],NO_TRIGGER,FILLED,NO_CONTINGENCY,,,,,,,,cfa41889-4047-4d93-8bf2-4bdfaf94dcbe,2022-05-17 00:00:00+00:00,2022-05-17 00:00:00+00:00
O-20220519-000000-001-000-6,BACKTESTER-001,DynamicEventStrategy-000,IRT.SIM,SIM-67-002,IRT.SIM-DynamicEventStrategy-000,SIM-001,SIM-67-022,MARKET,SELL,20000,GTC,True,False,20000,TAKER,20.08,0.0,['0.00 USD'],NO_TRIGGER,FILLED,NO_CONTINGENCY,,,,,,,,773ea89e-5e3b-44bd-9f1f-d30eba0b1008,2022-05-19 00:00:00+00:00,2022-05-19 00:00:00+00:00
O-20220614-000000-001-000-7,BACKTESTER-001,DynamicEventStrategy-000,EYE.SIM,SIM-52-001,EYE.SIM-DynamicEventStrategy-000,SIM-001,SIM-52-016,MARKET,SELL,20000,GTC,False,False,20000,TAKER,26.69,0.0,['0.00 USD'],NO_TRIGGER,FILLED,NO_CONTINGENCY,,,,,,,,2611def0-4fc6-403c-bfda-a39f3d514f3a,2022-06-14 00:00:00+00:00,2022-06-14 00:00:00+00:00
O-20220615-000000-001-000-8,BACKTESTER-001,DynamicEventStrategy-000,EYE.SIM,SIM-52-002,EYE.SIM-DynamicEventStrategy-000,SIM-001,SIM-52-018,MARKET,BUY,20000,GTC,True,False,20000,TAKER,27.8,0.0,['0.00 USD'],NO_TRIGGER,FILLED,NO_CONTINGENCY,,,,,,,,1f31d71f-5b0b-49e1-80bc-4721642f4a2b,2022-06-15 00:00:00+00:00,2022-06-15 00:00:00+00:00
O-20220629-000000-001-000-10,BACKTESTER-001,DynamicEventStrategy-000,SNCY.SIM,SIM-111-001,SNCY.SIM-DynamicEventStrategy-000,SIM-001,SIM-111-016,MARKET,SELL,20000,GTC,False,False,20000,TAKER,18.32,0.0,['0.00 USD'],NO_TRIGGER,FILLED,NO_CONTINGENCY,,,,,,,,db81d2ae-72d5-43fa-9970-128d81d26c56,2022-06-29 00:00:00+00:00,2022-06-29 00:00:00+00:00
O-20220629-000000-001-000-9,BACKTESTER-001,DynamicEventStrategy-000,EHAB.SIM,SIM-48-001,EHAB.SIM-DynamicEventStrategy-000,SIM-001,SIM-48-006,MARKET,SELL,20000,GTC,False,False,20000,TAKER,23.75,0.0,['0.00 USD'],NO_TRIGGER,FILLED,NO_CONTINGENCY,,,,,,,,8fd95f73-8a73-42da-a768-ff5aee75055d,2022-06-29 00:00:00+00:00,2022-06-29 00:00:00+00:00
O-20220701-000000-001-000-11,BACKTESTER-001,DynamicEventStrategy-000,EHAB.SIM,SIM-48-002,EHAB.SIM-DynamicEventStrategy-000,SIM-001,SIM-48-009,MARKET,BUY,20000,GTC,True,False,20000,TAKER,22.74,0.0,['0.00 USD'],NO_TRIGGER,FILLED,NO_CONTINGENCY,,,,,,,,7f9876f8-7f2d-4e95-95b0-361b5cb2ba4d,2022-07-01 00:00:00+00:00,2022-07-01 00:00:00+00:00
O-20220719-000000-001-000-12,BACKTESTER-001,DynamicEventStrategy-000,SHO.SIM,SIM-109-001,SHO.SIM-DynamicEventStrategy-000,SIM-001,SIM-109-016,MARKET,BUY,20000,GTC,False,False,20000,TAKER,10.0,0.0,['0.00 USD'],NO_TRIGGER,FILLED,NO_CONTINGENCY,,,,,,,,d299275e-f035-43a5-987f-d69f35fa990c,2022-07-19 00:00:00+00:00,2022-07-19 00:00:00+00:00
O-20220721-000000-001-000-13,BACKTESTER-001,DynamicEventStrategy-000,SHO.SIM,SIM-109-002,SHO.SIM-DynamicEventStrategy-000,SIM-001,SIM-109-019,MARKET,SELL,20000,GTC,True,False,20000,TAKER,10.04,0.0,['0.00 USD'],NO_TRIGGER,FILLED,NO_CONTINGENCY,,,,,,,,707bdebb-42ed-41dd-96ae-face7ffc08b4,2022-07-21 00:00:00+00:00,2022-07-21 00:00:00+00:00
O-20220722-000000-001-000-14,BACKTESTER-001,DynamicEventStrategy-000,NOVT.SIM,SIM-85-001,NOVT.SIM-DynamicEventStrategy-000,SIM-001,SIM-85-016,MARKET,SELL,6655,GTC,False,False,6655,TAKER,150.08,0.0,['0.00 USD'],NO_TRIGGER,FILLED,NO_CONTINGENCY,,,,,,,,80c944ef-871f-47c3-83dd-695783a970c9,2022-07-22 00:00:00+00:00,2022-07-22 00:00:00+00:00
O-20220726-000000-001-000-15,BACKTESTER-001,DynamicEventStrategy-000,NOVT.SIM,SIM-85-002,NOVT.SIM-DynamicEventStrategy-000,SIM-001,SIM-85-019,MARKET,BUY,6655,GTC,True,False,6655,TAKER,145.1,0.0,['0.00 USD'],NO_TRIGGER,FILLED,NO_CONTINGENCY,,,,,,,,e10794f8-7177-48cf-8882-656cd36e2f37,2022-07-26 00:00:00+00:00,2022-07-26 00:00:00+00:00
O-20220805-000000-001-000-16,BACKTESTER-001,DynamicEventStrategy-000,CELH.SIM,SIM-25-001,CELH.SIM-DynamicEventStrategy-000,SIM-001,SIM-25-017,MARKET,SELL,20000,GTC,False,False,20000,TAKER,32.87,0.0,['0.00 USD'],NO_TRIGGER,FILLED,NO_CONTINGENCY,,,,,,,,e24bf491-182f-4b0a-a73c-079208b58625,2022-08-05 00:00:00+00:00,2022-08-05 00:00:00+00:00
O-20220805-000000-001-000-17,BACKTESTER-001,DynamicEventStrategy-000,CLFD.SIM,SIM-29-001,CLFD.SIM-DynamicEventStrategy-000,SIM-001,SIM-29-017,MARKET,BUY,8928,GTC,False,False,8928,TAKER,111.15,0.0,['0.00 USD'],NO_TRIGGER,FILLED,NO_CONTINGENCY,,,,,,,,57909121-c7ce-4511-9367-f4c6a344a8b1,2022-08-05 00:00:00+00:00,2022-08-05 00:00:00+00:00
O-20220809-000000-001-000-18,BACKTESTER-001,DynamicEventStrategy-000,CELH.SIM,SIM-25-002,CELH.SIM-DynamicEventStrategy-000,SIM-001,SIM-25-020,MARKET,BUY,20000,GTC,True,False,20000,TAKER,31.13,0.0,['0.00 USD'],NO_TRIGGER,FILLED,NO_CONTINGENCY,,,,,,,,99b8576e-e3e0-47bb-bebc-3ec4805fcf23,2022-08-09 00:00:00+00:00,2022-08-09 00:00:00+00:00
O-20220810-000000-001-000-19,BACKTESTER-001,DynamicEventStrategy-000,CLFD.SIM,SIM-29-002,CLFD.SIM-DynamicEventStrategy-000,SIM-001,SIM-29-021,MARKET,SELL,8928,GTC,True,False,8928,TAKER,116.62,0.0,['0.00 USD'],NO_TRIGGER,FILLED,NO_CONTINGENCY,,,,,,,,cec3594a-efcb-4df9-b279-69bc4711f9c8,2022-08-10 00:00:00+00:00,2022-08-10 00:00:00+00:00
O-20220907-000000-001-000-21,BACKTESTER-001,DynamicEventStrategy-000,CSGP.SIM,SIM-35-001,CSGP.SIM-DynamicEventStrategy-000,SIM-001,SIM-35-016,MARKET,BUY,13094,GTC,False,False,13094,TAKER,78.07,0.0,['0.00 USD'],NO_TRIGGER,FILLED,NO_CONTINGENCY,,,,,,,,9c22e1b8-81a1-40c8-a75e-07a7dad801c4,2022-09-07 00:00:00+00:00,2022-09-07 00:00:00+00:00
O-20220907-000000-001-000-22,BACKTESTER-001,DynamicEventStrategy-000,DT.SIM,SIM-44-001,DT.SIM-DynamicEventStrategy-000,SIM-001,SIM-44-016,MARKET,BUY,20000,GTC,False,False,20000,TAKER,39.15,0.0,['0.00 USD'],NO_TRIGGER,FILLED,NO_CONTINGENCY,,,,,,,,ed33ec95-6cc1-4bcd-b7a8-b13f3c1d42fc,2022-09-07 00:00:00+00:00,2022-09-07 00:00:00+00:00
O-20220907-000000-001-000-23,BACKTESTER-001,DynamicEventStrategy-000,INVH.SIM,SIM-66-001,INVH.SIM-DynamicEventStrategy-000,SIM-001,SIM-66-016,MARKET,BUY,20000,GTC,False,False,20000,TAKER,35.6,0.0,['0.00 USD'],NO_TRIGGER,FILLED,NO_CONTINGENCY,,,,,,,,7a0718f1-09a9-4baf-a19a-20319d4d5baf,2022-09-07 00:00:00+00:00,2022-09-07 00:00:00+00:00
O-20220907-000000-001-000-24,BACKTESTER-001,DynamicEventStrategy-000,NLY.SIM,SIM-83-001,NLY.SIM-DynamicEventStrategy-000,SIM-001,SIM-83-016,MARKET,BUY,20000,GTC,False,False,20000,TAKER,17.86,0.0,['0.00 USD'],NO_TRIGGER,FILLED,NO_CONTINGENCY,,,,,,,,e3cac9c3-2dd1-4675-a915-3b3c2233708e,2022-09-07 00:00:00+00:00,2022-09-07 00:00:00+00:00
O-20220907-000000-001-000-25,BACKTESTER-001,DynamicEventStrategy-000,OUT.SIM,SIM-89-001,OUT.SIM-DynamicEventStrategy-000,SIM-001,SIM-89-016,MARKET,BUY,20000,GTC,False,False,20000,TAKER,16.81,0.0,['0.00 USD'],NO_TRIGGER,FILLED,NO_CONTINGENCY,,,,,,,,73b66bc8-3dd5-4445-804a-3400cc0603e6,2022-09-07 00:00:00+00:00,2022-09-07 00:00:00+00:00
O-20220909-000000-001-000-26,BACKTESTER-001,DynamicEventStrategy-000,DT.SIM,SIM-44-002,DT.SIM-DynamicEventStrategy-000,SIM-001,SIM-44-019,MARKET,SELL,20000,GTC,True,False,20000,TAKER,40.73,0.0,['0.00 USD'],NO_TRIGGER,FILLED,NO_CONTINGENCY,,,,,,,,80020595-b893-43af-a0e8-0cd7854c45ae,2022-09-09 00:00:00+00:00,2022-09-09 00:00:00+00:00
O-20220912-000000-001-000-27,BACKTESTER-001,DynamicEventStrategy-000,INVH.SIM,SIM-66-002,INVH.SIM-DynamicEventStrategy-000,SIM-001,SIM-66-020,MARKET,SELL,20000,GTC,True,False,20000,TAKER,36.73,0.0,['0.00 USD'],NO_TRIGGER,FILLED,NO_CONTINGENCY,,,,,,,,4b7c6b4b-d758-42b7-8ff8-3be04e3e96ef,2022-09-12 00:00:00+00:00,2022-09-12 00:00:00+00:00
O-20220912-000000-001-000-28,BACKTESTER-001,DynamicEventStrategy-000,OUT.SIM,SIM-89-002,OUT.SIM-DynamicEventStrategy-000,SIM-001,SIM-89-020,MARKET,SELL,20000,GTC,True,False,20000,TAKER,17.46,0.0,['0.00 USD'],NO_TRIGGER,FILLED,NO_CONTINGENCY,,,,,,,,780ada60-938c-41fd-a151-70e30370c361,2022-09-12 00:00:00+00:00,2022-09-12 00:00:00+00:00
O-20220913-000000-001-000-29,BACKTESTER-001,DynamicEventStrategy-000,CPRX.SIM,SIM-32-001,CPRX.SIM-DynamicEventStrategy-000,SIM-001,SIM-32-016,MARKET,SELL,20000,GTC,False,False,20000,TAKER,15.3,0.0,['0.00 USD'],NO_TRIGGER,FILLED,NO_CONTINGENCY,,,,,,,,e55f3b84-0fd5-4dbd-8925-4917fd56af6c,2022-09-13 00:00:00+00:00,2022-09-13 00:00:00+00:00
O-20220914-000000-001-000-30,BACKTESTER-001,DynamicEventStrategy-000,CSGP.SIM,SIM-35-002,CSGP.SIM-DynamicEventStrategy-000,SIM-001,SIM-35-022,MARKET,SELL,13094,GTC,True,False,13094,TAKER,73.97,0.0,['0.00 USD'],NO_TRIGGER,FILLED,NO_CONTINGENCY,,,,,,,,c967a1c6-8c79-4bfc-abdd-629340df30a8,2022-09-14 00:00:00+00:00,2022-09-14 00:00:00+00:00
O-20220915-000000-001-000-31,BACKTESTER-001,DynamicEventStrategy-000,CPRX.SIM,SIM-32-002,CPRX.SIM-DynamicEventStrategy-000,SIM-001,SIM-32-019,MARKET,BUY,20000,GTC,True,False,20000,TAKER,13.62,0.0,['0.00 USD'],NO_TRIGGER,FILLED,NO_CONTINGENCY,,,,,,,,97ee99a0-f3ca-415e-8a01-deea67abcfef,2022-09-15 00:00:00+00:00,2022-09-15 00:00:00+00:00
O-20220915-000000-001-000-33,BACKTESTER-001,DynamicEventStrategy-000,NLY.SIM,SIM-83-002,NLY.SIM-DynamicEventStrategy-000,SIM-001,SIM-83-023,MARKET,SELL,20000,GTC,True,False,20000,TAKER,16.64,0.0,['0.00 USD'],NO_TRIGGER,FILLED,NO_CONTINGENCY,,,,,,,,cbebb60a-cfcb-4395-876f-884f38c8f713,2022-09-15 00:00:00+00:00,2022-09-15 00:00:00+00:00
O-20220928-000000-001-000-34,BACKTESTER-001,DynamicEventStrategy-000,FYBR.SIM,SIM-56-001,FYBR.SIM-DynamicEventStrategy-000,SIM-001,SIM-56-017,MARKET,BUY,20000,GTC,False,False,20000,TAKER,24.16,0.0,['0.00 USD'],NO_TRIGGER,FILLED,NO_CONTINGENCY,,,,,,,,95ce29ad-3841-4744-b55b-ed2f0955a6d8,2022-09-28 00:00:00+00:00,2022-09-28 00:00:00+00:00
O-20221004-000000-001-000-35,BACKTESTER-001,DynamicEventStrategy-000,FYBR.SIM,SIM-56-002,FYBR.SIM-DynamicEventStrategy-000,SIM-001,SIM-56-022,MARKET,SELL,20000,GTC,True,False,20000,TAKER,25.33,0.0,['0.00 USD'],NO_TRIGGER,FILLED,NO_CONTINGENCY,,,,,,,,234b1e1f-a8e2-4cfe-9c2a-65b2903efa2c,2022-10-04 00:00:00+00:00,2022-10-04 00:00:00+00:00
O-20221007-000000-001-000-36,BACKTESTER-001,DynamicEventStrategy-000,LNTH.SIM,SIM-72-001,LNTH.SIM-DynamicEventStrategy-000,SIM-001,SIM-72-017,MARKET,SELL,15762,GTC,False,False,15762,TAKER,65.44,0.0,['0.00 USD'],NO_TRIGGER,FILLED,NO_CONTINGENCY,,,,,,,,11750673-a045-464a-b550-12939926f204,2022-10-07 00:00:00+00:00,2022-10-07 00:00:00+00:00
O-20221007-000000-001-000-37,BACKTESTER-001,DynamicEventStrategy-000,PAYO.SIM,SIM-93-001,PAYO.SIM-DynamicEventStrategy-000,SIM-001,SIM-93-017,MARKET,SELL,20000,GTC,False,False,20000,TAKER,7.19,0.0,['0.00 USD'],NO_TRIGGER,FILLED,NO_CONTINGENCY,,,,,,,,1b6a4e9e-8838-44e1-830a-6a048b1585ef,2022-10-07 00:00:00+00:00,2022-10-07 00:00:00+00:00
O-20221010-000000-001-000-38,BACKTESTER-001,DynamicEventStrategy-000,PAYO.SIM,SIM-93-002,PAYO.SIM-DynamicEventStrategy-000,SIM-001,SIM-93-019,MARKET,BUY,20000,GTC,True,False,20000,TAKER,7.46,0.0,['0.00 USD'],NO_TRIGGER,FILLED,NO_CONTINGENCY,,,,,,,,33964cf4-a311-46f6-bae8-e6fe3d2bb654,2022-10-10 00:00:00+00:00,2022-10-10 00:00:00+00:00
O-20221012-000000-001-000-39,BACKTESTER-001,DynamicEventStrategy-000,LNTH.SIM,SIM-72-002,LNTH.SIM-DynamicEventStrategy-000,SIM-001,SIM-72-021,MARKET,BUY,15762,GTC,True,False,15762,TAKER,67.72,0.0,['0.00 USD'],NO_TRIGGER,FILLED,NO_CONTINGENCY,,,,,,,,8177dc39-37d9-4cc0-a0fb-879d5a29e307,2022-10-12 00:00:00+00:00,2022-10-12 00:00:00+00:00
O-20221014-000000-001-000-41,BACKTESTER-001,DynamicEventStrategy-000,WLK.SIM,SIM-124-001,WLK.SIM-DynamicEventStrategy-000,SIM-001,SIM-124-017,MARKET,SELL,11468,GTC,False,False,11468,TAKER,89.22,0.0,['0.00 USD'],NO_TRIGGER,FILLED,NO_CONTINGENCY,,,,,,,,49c221a7-7071-4046-a027-fbdd49dc85f0,2022-10-14 00:00:00+00:00,2022-10-14 00:00:00+00:00
O-20221018-000000-001-000-42,BACKTESTER-001,DynamicEventStrategy-000,WLK.SIM,SIM-124-002,WLK.SIM-DynamicEventStrategy-000,SIM-001,SIM-124-020,MARKET,BUY,11468,GTC,True,False,11468,TAKER,90.52,0.0,['0.00 USD'],NO_TRIGGER,FILLED,NO_CONTINGENCY,,,,,,,,75157865-21c3-4a39-ac5c-3b6a59a0a180,2022-10-18 00:00:00+00:00,2022-10-18 00:00:00+00:00
O-20221028-000000-001-000-43,BACKTESTER-001,DynamicEventStrategy-000,ACGL.SIM,SIM-4-001,ACGL.SIM-DynamicEventStrategy-000,SIM-001,SIM-4-017,MARKET,BUY,18928,GTC,False,False,18928,TAKER,53.9,0.0,['0.00 USD'],NO_TRIGGER,FILLED,NO_CONTINGENCY,,,,,,,,fa98a3bb-ab01-4e53-87d2-ec4cbaa6a65f,2022-10-28 00:00:00+00:00,2022-10-28 00:00:00+00:00
O-20221028-000000-001-000-44,BACKTESTER-001,DynamicEventStrategy-000,RXO.SIM,SIM-105-001,RXO.SIM-DynamicEventStrategy-000,SIM-001,SIM-105-004,MARKET,SELL,20000,GTC,False,False,20000,TAKER,21.495369127516778,0.0,['0.00 USD'],NO_TRIGGER,FILLED,NO_CONTINGENCY,,,,,,,,9b0b4e85-d1d9-4719-8f3b-cb478854acd9,2022-10-28 00:00:00+00:00,2022-10-28 00:00:00+00:00
O-20221101-000000-001-000-45,BACKTESTER-001,DynamicEventStrategy-000,ACGL.SIM,SIM-4-002,ACGL.SIM-DynamicEventStrategy-000,SIM-001,SIM-4-020,MARKET,SELL,18928,GTC,True,False,18928,TAKER,52.72,0.0,['0.00 USD'],NO_TRIGGER,FILLED,NO_CONTINGENCY,,,,,,,,eccac856-8d35-43fd-8e19-e4ad08f8c4ba,2022-11-01 00:00:00+00:00,2022-11-01 00:00:00+00:00
O-20221101-000000-001-000-46,BACKTESTER-001,DynamicEventStrategy-000,RXO.SIM,SIM-105-002,RXO.SIM-DynamicEventStrategy-000,SIM-001,SIM-105-007,MARKET,BUY,20000,GTC,True,False,20000,TAKER,19.06,0.0,['0.00 USD'],NO_TRIGGER,FILLED,NO_CONTINGENCY,,,,,,,,92ae1364-3f76-487a-ad5e-770165ab2f95,2022-11-01 00:00:00+00:00,2022-11-01 00:00:00+00:00
O-20221129-000000-001-000-48,BACKTESTER-001,DynamicEventStrategy-000,NXST.SIM,SIM-86-001,NXST.SIM-DynamicEventStrategy-000,SIM-001,SIM-86-016,MARKET,BUY,5955,GTC,False,False,5955,TAKER,172.2,0.0,['0.00 USD'],NO_TRIGGER,FILLED,NO_CONTINGENCY,,,,,,,,b79ec3cc-e329-485d-ae47-4f41a3120aeb,2022-11-29 00:00:00+00:00,2022-11-29 00:00:00+00:00
O-20221201-000000-001-000-49,BACKTESTER-001,DynamicEventStrategy-000,NXST.SIM,SIM-86-002,NXST.SIM-DynamicEventStrategy-000,SIM-001,SIM-86-019,MARKET,SELL,5955,GTC,True,False,5955,TAKER,169.07,0.0,['0.00 USD'],NO_TRIGGER,FILLED,NO_CONTINGENCY,,,,,,,,8eedb013-7122-43b8-8bad-62d2046375a1,2022-12-01 00:00:00+00:00,2022-12-01 00:00:00+00:00
O-20221213-000000-001-000-50,BACKTESTER-001,DynamicEventStrategy-000,FSLR.SIM,SIM-54-001,FSLR.SIM-DynamicEventStrategy-000,SIM-001,SIM-54-016,MARKET,BUY,6504,GTC,False,False,6504,TAKER,157.08,0.0,['0.00 USD'],NO_TRIGGER,FILLED,NO_CONTINGENCY,,,,,,,,5eb699eb-8a8c-475b-a434-a483660963af,2022-12-13 00:00:00+00:00,2022-12-13 00:00:00+00:00
O-20230127-000000-001-000-51,BACKTESTER-001,DynamicEventStrategy-000,NOG.SIM,SIM-84-001,NOG.SIM-DynamicEventStrategy-000,SIM-001,SIM-84-016,MARKET,SELL,20000,GTC,False,False,20000,TAKER,31.25,0.0,['0.00 USD'],NO_TRIGGER,FILLED,NO_CONTINGENCY,,,,,,,,9c57198f-4c24-4ec9-90fd-1c44f4b38204,2023-01-27 00:00:00+00:00,2023-01-27 00:00:00+00:00
O-20230131-000000-001-000-52,BACKTESTER-001,DynamicEventStrategy-000,CRK.SIM,SIM-34-001,CRK.SIM-DynamicEventStrategy-000,SIM-001,SIM-34-016,MARKET,SELL,20000,GTC,False,False,20000,TAKER,11.6,0.0,['0.00 USD'],NO_TRIGGER,FILLED,NO_CONTINGENCY,,,,,,,,de8c46f9-03d8-469d-b08b-7604d75ce453,2023-01-31 00:00:00+00:00,2023-01-31 00:00:00+00:00
O-20230202-000000-001-000-53,BACKTESTER-001,DynamicEventStrategy-000,NOG.SIM,SIM-84-002,NOG.SIM-DynamicEventStrategy-000,SIM-001,SIM-84-021,MARKET,BUY,20000,GTC,True,False,20000,TAKER,28.53,0.0,['0.00 USD'],NO_TRIGGER,FILLED,NO_CONTINGENCY,,,,,,,,9cf20edd-7680-4686-ae7a-815a1cd62494,2023-02-02 00:00:00+00:00,2023-02-02 00:00:00+00:00
O-20230206-000000-001-000-55,BACKTESTER-001,DynamicEventStrategy-000,CRK.SIM,SIM-34-002,CRK.SIM-DynamicEventStrategy-000,SIM-001,SIM-34-021,MARKET,BUY,20000,GTC,True,False,20000,TAKER,10.83,0.0,['0.00 USD'],NO_TRIGGER,FILLED,NO_CONTINGENCY,,,,,,,,cae0af61-38f6-416c-83fa-a16cdddb9934,2023-02-06 00:00:00+00:00,2023-02-06 00:00:00+00:00
O-20230217-000000-001-000-56,BACKTESTER-001,DynamicEventStrategy-000,OTTR.SIM,SIM-88-001,OTTR.SIM-DynamicEventStrategy-000,SIM-001,SIM-88-017,MARKET,BUY,14900,GTC,False,False,14900,TAKER,68.14,0.0,['0.00 USD'],NO_TRIGGER,FILLED,NO_CONTINGENCY,,,,,,,,3af1f986-9ce2-4627-849c-9fa246e758d0,2023-02-17 00:00:00+00:00,2023-02-17 00:00:00+00:00
O-20230223-000000-001-000-57,BACKTESTER-001,DynamicEventStrategy-000,OTTR.SIM,SIM-88-002,OTTR.SIM-DynamicEventStrategy-000,SIM-001,SIM-88-021,MARKET,SELL,14900,GTC,True,False,14900,TAKER,67.55,0.0,['0.00 USD'],NO_TRIGGER,FILLED,NO_CONTINGENCY,,,,,,,,f6da3d77-395e-4199-94c6-6212b3bc2d58,2023-02-23 00:00:00+00:00,2023-02-23 00:00:00+00:00
O-20230307-000000-001-000-58,BACKTESTER-001,DynamicEventStrategy-000,ALV.SIM,SIM-6-001,ALV.SIM-DynamicEventStrategy-000,SIM-001,SIM-6-016,MARKET,SELL,11362,GTC,False,False,11362,TAKER,89.2,0.0,['0.00 USD'],NO_TRIGGER,FILLED,NO_CONTINGENCY,,,,,,,,ca21fbe9-9485-484d-8676-52a17b8a6149,2023-03-07 00:00:00+00:00,2023-03-07 00:00:00+00:00
O-20230307-000000-001-000-59,BACKTESTER-001,DynamicEventStrategy-000,ARMK.SIM,SIM-13-001,ARMK.SIM-DynamicEventStrategy-000,SIM-001,SIM-13-016,MARKET,SELL,20000,GTC,False,False,20000,TAKER,26.48,0.0,['0.00 USD'],NO_TRIGGER,FILLED,NO_CONTINGENCY,,,,,,,,20902bf8-c25e-4765-bcda-e066b4faddbb,2023-03-07 00:00:00+00:00,2023-03-07 00:00:00+00:00
O-20230307-000000-001-000-60,BACKTESTER-001,DynamicEventStrategy-000,AUB.SIM,SIM-15-001,AUB.SIM-DynamicEventStrategy-000,SIM-001,SIM-15-016,MARKET,SELL,20000,GTC,False,False,20000,TAKER,35.88,0.0,['0.00 USD'],NO_TRIGGER,FILLED,NO_CONTINGENCY,,,,,,,,4421d4f1-17ba-4c84-b77d-49fdf2cfce06,2023-03-07 00:00:00+00:00,2023-03-07 00:00:00+00:00
O-20230307-000000-001-000-61,BACKTESTER-001,DynamicEventStrategy-000,HGV.SIM,SIM-62-001,HGV.SIM-DynamicEventStrategy-000,SIM-001,SIM-62-016,MARKET,SELL,19705,GTC,False,False,19705,TAKER,49.14,0.0,['0.00 USD'],NO_TRIGGER,FILLED,NO_CONTINGENCY,,,,,,,,fbbd05b7-9c6f-4bd6-9283-8af47f07d197,2023-03-07 00:00:00+00:00,2023-03-07 00:00:00+00:00
O-20230307-000000-001-000-62,BACKTESTER-001,DynamicEventStrategy-000,KW.SIM,SIM-70-001,KW.SIM-DynamicEventStrategy-000,SIM-001,SIM-70-016,MARKET,SELL,20000,GTC,False,False,20000,TAKER,15.49,0.0,['0.00 USD'],NO_TRIGGER,FILLED,NO_CONTINGENCY,,,,,,,,856e848c-63a6-47ee-9720-e435e970e50a,2023-03-07 00:00:00+00:00,2023-03-07 00:00:00+00:00
O-20230307-000000-001-000-63,BACKTESTER-001,DynamicEventStrategy-000,SSB.SIM,SIM-114-001,SSB.SIM-DynamicEventStrategy-000,SIM-001,SIM-114-016,MARKET,SELL,12426,GTC,False,False,12426,TAKER,75.87,0.0,['0.00 USD'],NO_TRIGGER,FILLED,NO_CONTINGENCY,,,,,,,,ae27ce2f-9122-4963-9629-1cf081d8af64,2023-03-07 00:00:00+00:00,2023-03-07 00:00:00+00:00
O-20230307-000000-001-000-64,BACKTESTER-001,DynamicEventStrategy-000,STWD.SIM,SIM-116-001,STWD.SIM-DynamicEventStrategy-000,SIM-001,SIM-116-016,MARKET,SELL,20000,GTC,False,False,20000,TAKER,16.09,0.0,['0.00 USD'],NO_TRIGGER,FILLED,NO_CONTINGENCY,,,,,,,,2591368e-725c-4b51-96f9-a102867c54a0,2023-03-07 00:00:00+00:00,2023-03-07 00:00:00+00:00
O-20230307-000000-001-000-65,BACKTESTER-001,DynamicEventStrategy-000,VAL.SIM,SIM-120-001,VAL.SIM-DynamicEventStrategy-000,SIM-001,SIM-120-016,MARKET,SELL,12484,GTC,False,False,12484,TAKER,73.49,0.0,['0.00 USD'],NO_TRIGGER,FILLED,NO_CONTINGENCY,,,,,,,,d6517e23-8ef8-49a2-a198-43cbc128297d,2023-03-07 00:00:00+00:00,2023-03-07 00:00:00+00:00
O-20230309-000000-001-000-66,BACKTESTER-001,DynamicEventStrategy-000,AUB.SIM,SIM-15-002,AUB.SIM-DynamicEventStrategy-000,SIM-001,SIM-15-019,MARKET,BUY,20000,GTC,True,False,20000,TAKER,33.68,0.0,['0.00 USD'],NO_TRIGGER,FILLED,NO_CONTINGENCY,,,,,,,,fbc1230d-9a85-4262-95ca-5dd8b44bef45,2023-03-09 00:00:00+00:00,2023-03-09 00:00:00+00:00
O-20230309-000000-001-000-67,BACKTESTER-001,DynamicEventStrategy-000,SSB.SIM,SIM-114-002,SSB.SIM-DynamicEventStrategy-000,SIM-001,SIM-114-019,MARKET,BUY,12426,GTC,True,False,12426,TAKER,71.04,0.0,['0.00 USD'],NO_TRIGGER,FILLED,NO_CONTINGENCY,,,,,,,,2527d2cc-e828-45b9-b327-21c53736e1e6,2023-03-09 00:00:00+00:00,2023-03-09 00:00:00+00:00
O-20230309-000000-001-000-68,BACKTESTER-001,DynamicEventStrategy-000,STWD.SIM,SIM-116-002,STWD.SIM-DynamicEventStrategy-000,SIM-001,SIM-116-019,MARKET,BUY,20000,GTC,True,False,20000,TAKER,15.14,0.0,['0.00 USD'],NO_TRIGGER,FILLED,NO_CONTINGENCY,,,,,,,,6a14a91c-77af-4328-afb3-e1dfbe9ef386,2023-03-09 00:00:00+00:00,2023-03-09 00:00:00+00:00
O-20230309-000000-001-000-69,BACKTESTER-001,DynamicEventStrategy-000,VAL.SIM,SIM-120-002,VAL.SIM-DynamicEventStrategy-000,SIM-001,SIM-120-019,MARKET,BUY,12484,GTC,True,False,12484,TAKER,67.15,0.0,['0.00 USD'],NO_TRIGGER,FILLED,NO_CONTINGENCY,,,,,,,,197b4a81-5d20-46ee-add1-045587036f8f,2023-03-09 00:00:00+00:00,2023-03-09 00:00:00+00:00
O-20230310-000000-001-000-70,BACKTESTER-001,DynamicEventStrategy-000,ARMK.SIM,SIM-13-002,ARMK.SIM-DynamicEventStrategy-000,SIM-001,SIM-13-020,MARKET,BUY,20000,GTC,True,False,20000,TAKER,24.4,0.0,['0.00 USD'],NO_TRIGGER,FILLED,NO_CONTINGENCY,,,,,,,,e5a6c6e2-ce6d-456f-a3e9-5b98ef6d7472,2023-03-10 00:00:00+00:00,2023-03-10 00:00:00+00:00
O-20230310-000000-001-000-71,BACKTESTER-001,DynamicEventStrategy-000,HGV.SIM,SIM-62-002,HGV.SIM-DynamicEventStrategy-000,SIM-001,SIM-62-020,MARKET,BUY,19705,GTC,True,False,19705,TAKER,45.08,0.0,['0.00 USD'],NO_TRIGGER,FILLED,NO_CONTINGENCY,,,,,,,,732b56c1-8dd4-45bd-a2af-503755be8964,2023-03-10 00:00:00+00:00,2023-03-10 00:00:00+00:00
O-20230310-000000-001-000-72,BACKTESTER-001,DynamicEventStrategy-000,KW.SIM,SIM-70-002,KW.SIM-DynamicEventStrategy-000,SIM-001,SIM-70-020,MARKET,BUY,20000,GTC,True,False,20000,TAKER,14.61,0.0,['0.00 USD'],NO_TRIGGER,FILLED,NO_CONTINGENCY,,,,,,,,78930bbe-643d-43f7-b61c-0d4abc34062c,2023-03-10 00:00:00+00:00,2023-03-10 00:00:00+00:00
O-20230314-000000-001-000-73,BACKTESTER-001,DynamicEventStrategy-000,BG.SIM,SIM-19-001,BG.SIM-DynamicEventStrategy-000,SIM-001,SIM-19-017,MARKET,BUY,10746,GTC,False,False,10746,TAKER,98.78,0.0,['0.00 USD'],NO_TRIGGER,FILLED,NO_CONTINGENCY,,,,,,,,dac9da63-2ca1-4e79-9a3f-de032a638aea,2023-03-14 00:00:00+00:00,2023-03-14 00:00:00+00:00
O-20230315-000000-001-000-74,BACKTESTER-001,DynamicEventStrategy-000,ALV.SIM,SIM-6-002,ALV.SIM-DynamicEventStrategy-000,SIM-001,SIM-6-023,MARKET,BUY,11362,GTC,True,False,11362,TAKER,83.62,0.0,['0.00 USD'],NO_TRIGGER,FILLED,NO_CONTINGENCY,,,,,,,,b6324105-91e2-427e-ad75-09baf6ae0fcc,2023-03-15 00:00:00+00:00,2023-03-15 00:00:00+00:00
O-20230315-000000-001-000-75,BACKTESTER-001,DynamicEventStrategy-000,BG.SIM,SIM-19-002,BG.SIM-DynamicEventStrategy-000,SIM-001,SIM-19-019,MARKET,SELL,10746,GTC,True,False,10746,TAKER,91.38,0.0,['0.00 USD'],NO_TRIGGER,FILLED,NO_CONTINGENCY,,,,,,,,7560b92a-a986-4be7-b4ae-40edd032cb28,2023-03-15 00:00:00+00:00,2023-03-15 00:00:00+00:00
O-20230316-000000-001-000-77,BACKTESTER-001,DynamicEventStrategy-000,CERT.SIM,SIM-26-001,CERT.SIM-DynamicEventStrategy-000,SIM-001,SIM-26-017,MARKET,BUY,20000,GTC,False,False,20000,TAKER,22.78,0.0,['0.00 USD'],NO_TRIGGER,FILLED,NO_CONTINGENCY,,,,,,,,961e9edf-24c1-45fa-9929-0c6901a6aa99,2023-03-16 00:00:00+00:00,2023-03-16 00:00:00+00:00
O-20230321-000000-001-000-78,BACKTESTER-001,DynamicEventStrategy-000,CERT.SIM,SIM-26-002,CERT.SIM-DynamicEventStrategy-000,SIM-001,SIM-26-021,MARKET,SELL,20000,GTC,True,False,20000,TAKER,24.72,0.0,['0.00 USD'],NO_TRIGGER,FILLED,NO_CONTINGENCY,,,,,,,,16a597c0-f82d-43f7-96c1-c6c9d65949da,2023-03-21 00:00:00+00:00,2023-03-21 00:00:00+00:00
O-20230329-000000-001-000-79,BACKTESTER-001,DynamicEventStrategy-000,NABL.SIM,SIM-81-001,NABL.SIM-DynamicEventStrategy-000,SIM-001,SIM-81-017,MARKET,SELL,20000,GTC,False,False,20000,TAKER,13.35,0.0,['0.00 USD'],NO_TRIGGER,FILLED,NO_CONTINGENCY,,,,,,,,52ed353a-29e6-4997-b7ee-9c4c58155145,2023-03-29 00:00:00+00:00,2023-03-29 00:00:00+00:00
O-20230426-000000-001-000-80,BACKTESTER-001,DynamicEventStrategy-000,CTKB.SIM,SIM-36-001,CTKB.SIM-DynamicEventStrategy-000,SIM-001,SIM-36-016,MARKET,BUY,20000,GTC,False,False,20000,TAKER,10.85,0.0,['0.00 USD'],NO_TRIGGER,FILLED,NO_CONTINGENCY,,,,,,,,2b3d4a08-c769-4c4f-9995-f5403fa45ed1,2023-04-26 00:00:00+00:00,2023-04-26 00:00:00+00:00
O-20230428-000000-001-000-81,BACKTESTER-001,DynamicEventStrategy-000,CTKB.SIM,SIM-36-002,CTKB.SIM-DynamicEventStrategy-000,SIM-001,SIM-36-019,MARKET,SELL,20000,GTC,True,False,20000,TAKER,11.48,0.0,['0.00 USD'],NO_TRIGGER,FILLED,NO_CONTINGENCY,,,,,,,,764b4d6e-a50b-4a58-8194-2b9ac65799c5,2023-04-28 00:00:00+00:00,2023-04-28 00:00:00+00:00
O-20230502-000000-001-000-82,BACKTESTER-001,DynamicEventStrategy-000,STAG.SIM,SIM-115-001,STAG.SIM-DynamicEventStrategy-000,SIM-001,SIM-115-017,MARKET,SELL,20000,GTC,False,False,20000,TAKER,31.96,0.0,['0.00 USD'],NO_TRIGGER,FILLED,NO_CONTINGENCY,,,,,,,,13742a51-0e1b-4f7d-b639-321e4f8fe1a5,2023-05-02 00:00:00+00:00,2023-05-02 00:00:00+00:00
O-20230504-000000-001-000-83,BACKTESTER-001,DynamicEventStrategy-000,STAG.SIM,SIM-115-002,STAG.SIM-DynamicEventStrategy-000,SIM-001,SIM-115-020,MARKET,BUY,20000,GTC,True,False,20000,TAKER,32.03,0.0,['0.00 USD'],NO_TRIGGER,FILLED,NO_CONTINGENCY,,,,,,,,89be5777-8768-4e1a-8f31-07208db796d8,2023-05-04 00:00:00+00:00,2023-05-04 00:00:00+00:00
O-20230606-000000-001-000-84,BACKTESTER-001,DynamicEventStrategy-000,APAM.SIM,SIM-10-001,APAM.SIM-DynamicEventStrategy-000,SIM-001,SIM-10-016,MARKET,BUY,20000,GTC,False,False,20000,TAKER,30.27,0.0,['0.00 USD'],NO_TRIGGER,FILLED,NO_CONTINGENCY,,,,,,,,d3c58701-ca4a-4d3a-ad4f-a1fbaca1b312,2023-06-06 00:00:00+00:00,2023-06-06 00:00:00+00:00
O-20230606-000000-001-000-85,BACKTESTER-001,DynamicEventStrategy-000,BERY.SIM,SIM-18-001,BERY.SIM-DynamicEventStrategy-000,SIM-001,SIM-18-016,MARKET,BUY,19404,GTC,False,False,19404,TAKER,55.2,0.0,['0.00 USD'],NO_TRIGGER,FILLED,NO_CONTINGENCY,,,,,,,,7dc96568-29de-4258-8d84-d5685f968226,2023-06-06 00:00:00+00:00,2023-06-06 00:00:00+00:00
O-20230606-000000-001-000-86,BACKTESTER-001,DynamicEventStrategy-000,CARG.SIM,SIM-23-001,CARG.SIM-DynamicEventStrategy-000,SIM-001,SIM-23-016,MARKET,SELL,20000,GTC,False,False,20000,TAKER,20.0,0.0,['0.00 USD'],NO_TRIGGER,FILLED,NO_CONTINGENCY,,,,,,,,c9049ac5-507d-4dfe-ab09-a47b00e3524c,2023-06-06 00:00:00+00:00,2023-06-06 00:00:00+00:00
O-20230606-000000-001-000-87,BACKTESTER-001,DynamicEventStrategy-000,CCK.SIM,SIM-24-001,CCK.SIM-DynamicEventStrategy-000,SIM-001,SIM-24-016,MARKET,BUY,12774,GTC,False,False,12774,TAKER,81.55,0.0,['0.00 USD'],NO_TRIGGER,FILLED,NO_CONTINGENCY,,,,,,,,fc241f67-21a4-4f1b-98e7-e91d01150154,2023-06-06 00:00:00+00:00,2023-06-06 00:00:00+00:00
O-20230606-000000-001-000-88,BACKTESTER-001,DynamicEventStrategy-000,CRC.SIM,SIM-33-001,CRC.SIM-DynamicEventStrategy-000,SIM-001,SIM-33-016,MARKET,BUY,20000,GTC,False,False,20000,TAKER,39.24,0.0,['0.00 USD'],NO_TRIGGER,FILLED,NO_CONTINGENCY,,,,,,,,9a5145bd-eff0-4ca0-9053-a8ffebea851c,2023-06-06 00:00:00+00:00,2023-06-06 00:00:00+00:00
O-20230606-000000-001-000-89,BACKTESTER-001,DynamicEventStrategy-000,DOCS.SIM,SIM-43-001,DOCS.SIM-DynamicEventStrategy-000,SIM-001,SIM-43-016,MARKET,BUY,20000,GTC,False,False,20000,TAKER,34.06,0.0,['0.00 USD'],NO_TRIGGER,FILLED,NO_CONTINGENCY,,,,,,,,1233348a-b2e5-4e0a-aa8c-8bb28d02e696,2023-06-06 00:00:00+00:00,2023-06-06 00:00:00+00:00
O-20230606-000000-001-000-90,BACKTESTER-001,DynamicEventStrategy-000,GPK.SIM,SIM-57-001,GPK.SIM-DynamicEventStrategy-000,SIM-001,SIM-57-016,MARKET,BUY,20000,GTC,False,False,20000,TAKER,25.06,0.0,['0.00 USD'],NO_TRIGGER,FILLED,NO_CONTINGENCY,,,,,,,,c354eb12-9855-449b-ba73-b8ffd810a1c7,2023-06-06 00:00:00+00:00,2023-06-06 00:00:00+00:00
O-20230606-000000-001-000-91,BACKTESTER-001,DynamicEventStrategy-000,MC.SIM,SIM-77-001,MC.SIM-DynamicEventStrategy-000,SIM-001,SIM-77-016,MARKET,BUY,20000,GTC,False,False,20000,TAKER,37.65,0.0,['0.00 USD'],NO_TRIGGER,FILLED,NO_CONTINGENCY,,,,,,,,0c1b65ac-5ff7-4f9e-a7bd-bafdc932bd23,2023-06-06 00:00:00+00:00,2023-06-06 00:00:00+00:00
O-20230606-000000-001-000-92,BACKTESTER-001,DynamicEventStrategy-000,OVV.SIM,SIM-90-001,OVV.SIM-DynamicEventStrategy-000,SIM-001,SIM-90-016,MARKET,BUY,20000,GTC,False,False,20000,TAKER,34.46,0.0,['0.00 USD'],NO_TRIGGER,FILLED,NO_CONTINGENCY,,,,,,,,9a349e3a-82e1-48da-943b-c75b9256c3c1,2023-06-06 00:00:00+00:00,2023-06-06 00:00:00+00:00
O-20230606-000000-001-000-93,BACKTESTER-001,DynamicEventStrategy-000,PECO.SIM,SIM-95-001,PECO.SIM-DynamicEventStrategy-000,SIM-001,SIM-95-016,MARKET,BUY,20000,GTC,False,False,20000,TAKER,29.51,0.0,['0.00 USD'],NO_TRIGGER,FILLED,NO_CONTINGENCY,,,,,,,,ae9ce265-765a-4a2c-a15e-d568fcb12709,2023-06-06 00:00:00+00:00,2023-06-06 00:00:00+00:00
O-20230606-000000-001-000-94,BACKTESTER-001,DynamicEventStrategy-000,WCC.SIM,SIM-123-001,WCC.SIM-DynamicEventStrategy-000,SIM-001,SIM-123-016,MARKET,BUY,6446,GTC,False,False,6446,TAKER,145.96,0.0,['0.00 USD'],NO_TRIGGER,FILLED,NO_CONTINGENCY,,,,,,,,84cfa657-89cf-4673-af95-2f6e51a5f7dd,2023-06-06 00:00:00+00:00,2023-06-06 00:00:00+00:00
O-20230606-000000-001-000-95,BACKTESTER-001,DynamicEventStrategy-000,ZI.SIM,SIM-128-001,ZI.SIM-DynamicEventStrategy-000,SIM-001,SIM-128-016,MARKET,BUY,20000,GTC,False,False,20000,TAKER,26.76,0.0,['0.00 USD'],NO_TRIGGER,FILLED,NO_CONTINGENCY,,,,,,,,4dd42b5a-13df-4722-bfc8-c6a7f65bb632,2023-06-06 00:00:00+00:00,2023-06-06 00:00:00+00:00
O-20230607-000000-001-000-96,BACKTESTER-001,DynamicEventStrategy-000,OVV.SIM,SIM-90-002,OVV.SIM-DynamicEventStrategy-000,SIM-001,SIM-90-018,MARKET,SELL,20000,GTC,True,False,20000,TAKER,36.08,0.0,['0.00 USD'],NO_TRIGGER,FILLED,NO_CONTINGENCY,,,,,,,,a9259871-177a-47cd-8bfd-fefe08e032e0,2023-06-07 00:00:00+00:00,2023-06-07 00:00:00+00:00
O-20230607-000000-001-000-97,BACKTESTER-001,DynamicEventStrategy-000,WCC.SIM,SIM-123-002,WCC.SIM-DynamicEventStrategy-000,SIM-001,SIM-123-018,MARKET,SELL,6446,GTC,True,False,6446,TAKER,150.66,0.0,['0.00 USD'],NO_TRIGGER,FILLED,NO_CONTINGENCY,,,,,,,,c46a353b-5622-40d8-a5c3-5553c50f1eae,2023-06-07 00:00:00+00:00,2023-06-07 00:00:00+00:00
O-20230608-000000-001-000-100,BACKTESTER-001,DynamicEventStrategy-000,DOCS.SIM,SIM-43-002,DOCS.SIM-DynamicEventStrategy-000,SIM-001,SIM-43-019,MARKET,SELL,20000,GTC,True,False,20000,TAKER,31.93,0.0,['0.00 USD'],NO_TRIGGER,FILLED,NO_CONTINGENCY,,,,,,,,a43c6980-180b-4392-ad52-7b4d8fc5d4f9,2023-06-08 00:00:00+00:00,2023-06-08 00:00:00+00:00
O-20230608-000000-001-000-101,BACKTESTER-001,DynamicEventStrategy-000,EXPI.SIM,SIM-51-001,EXPI.SIM-DynamicEventStrategy-000,SIM-001,SIM-51-016,MARKET,BUY,20000,GTC,False,False,20000,TAKER,19.6,0.0,['0.00 USD'],NO_TRIGGER,FILLED,NO_CONTINGENCY,,,,,,,,70326f09-3ffc-4527-9348-702a3b926b7c,2023-06-08 00:00:00+00:00,2023-06-08 00:00:00+00:00
O-20230608-000000-001-000-102,BACKTESTER-001,DynamicEventStrategy-000,MC.SIM,SIM-77-002,MC.SIM-DynamicEventStrategy-000,SIM-001,SIM-77-019,MARKET,SELL,20000,GTC,True,False,20000,TAKER,39.42,0.0,['0.00 USD'],NO_TRIGGER,FILLED,NO_CONTINGENCY,,,,,,,,2d29ba57-a4ab-4030-8996-a21d209c801a,2023-06-08 00:00:00+00:00,2023-06-08 00:00:00+00:00
O-20230608-000000-001-000-103,BACKTESTER-001,DynamicEventStrategy-000,PRVA.SIM,SIM-99-001,PRVA.SIM-DynamicEventStrategy-000,SIM-001,SIM-99-016,MARKET,BUY,20000,GTC,False,False,20000,TAKER,27.8,0.0,['0.00 USD'],NO_TRIGGER,FILLED,NO_CONTINGENCY,,,,,,,,26133630-7525-4da7-8358-fd68699083cf,2023-06-08 00:00:00+00:00,2023-06-08 00:00:00+00:00
O-20230608-000000-001-000-98,BACKTESTER-001,DynamicEventStrategy-000,APAM.SIM,SIM-10-002,APAM.SIM-DynamicEventStrategy-000,SIM-001,SIM-10-019,MARKET,SELL,20000,GTC,True,False,20000,TAKER,31.21,0.0,['0.00 USD'],NO_TRIGGER,FILLED,NO_CONTINGENCY,,,,,,,,ec0f58bd-1312-473d-a390-ac14e5de3297,2023-06-08 00:00:00+00:00,2023-06-08 00:00:00+00:00
O-20230608-000000-001-000-99,BACKTESTER-001,DynamicEventStrategy-000,CARG.SIM,SIM-23-002,CARG.SIM-DynamicEventStrategy-000,SIM-001,SIM-23-019,MARKET,BUY,20000,GTC,True,False,20000,TAKER,20.6,0.0,['0.00 USD'],NO_TRIGGER,FILLED,NO_CONTINGENCY,,,,,,,,ca5a5d40-204c-43c2-adad-c3ea9c7128b2,2023-06-08 00:00:00+00:00,2023-06-08 00:00:00+00:00
O-20230609-000000-001-000-104,BACKTESTER-001,DynamicEventStrategy-000,PECO.SIM,SIM-95-002,PECO.SIM-DynamicEventStrategy-000,SIM-001,SIM-95-020,MARKET,SELL,20000,GTC,True,False,20000,TAKER,30.45,0.0,['0.00 USD'],NO_TRIGGER,FILLED,NO_CONTINGENCY,,,,,,,,6ae03697-b65c-4657-901e-2c2773e2755f,2023-06-09 00:00:00+00:00,2023-06-09 00:00:00+00:00
O-20230612-000000-001-000-105,BACKTESTER-001,DynamicEventStrategy-000,EXPI.SIM,SIM-51-002,EXPI.SIM-DynamicEventStrategy-000,SIM-001,SIM-51-019,MARKET,SELL,20000,GTC,True,False,20000,TAKER,18.53,0.0,['0.00 USD'],NO_TRIGGER,FILLED,NO_CONTINGENCY,,,,,,,,c8644659-d4fe-47ff-8707-6d043e5d6766,2023-06-12 00:00:00+00:00,2023-06-12 00:00:00+00:00
O-20230612-000000-001-000-106,BACKTESTER-001,DynamicEventStrategy-000,GPK.SIM,SIM-57-002,GPK.SIM-DynamicEventStrategy-000,SIM-001,SIM-57-021,MARKET,SELL,20000,GTC,True,False,20000,TAKER,26.15,0.0,['0.00 USD'],NO_TRIGGER,FILLED,NO_CONTINGENCY,,,,,,,,b2c68dff-ec61-44b8-82ef-95d0defcfb9a,2023-06-12 00:00:00+00:00,2023-06-12 00:00:00+00:00
O-20230613-000000-001-000-107,BACKTESTER-001,DynamicEventStrategy-000,CCK.SIM,SIM-24-002,CCK.SIM-DynamicEventStrategy-000,SIM-001,SIM-24-022,MARKET,SELL,12774,GTC,True,False,12774,TAKER,84.02,0.0,['0.00 USD'],NO_TRIGGER,FILLED,NO_CONTINGENCY,,,,,,,,bb180608-d272-4606-91fe-833f4bd55d55,2023-06-13 00:00:00+00:00,2023-06-13 00:00:00+00:00
O-20230613-000000-001-000-108,BACKTESTER-001,DynamicEventStrategy-000,PRVA.SIM,SIM-99-002,PRVA.SIM-DynamicEventStrategy-000,SIM-001,SIM-99-020,MARKET,SELL,20000,GTC,True,False,20000,TAKER,28.88,0.0,['0.00 USD'],NO_TRIGGER,FILLED,NO_CONTINGENCY,,,,,,,,430339d3-6895-436a-a772-fb8b6bc7bbf0,2023-06-13 00:00:00+00:00,2023-06-13 00:00:00+00:00
O-20230613-000000-001-000-109,BACKTESTER-001,DynamicEventStrategy-000,ZI.SIM,SIM-128-002,ZI.SIM-DynamicEventStrategy-000,SIM-001,SIM-128-022,MARKET,SELL,20000,GTC,True,False,20000,TAKER,28.46,0.0,['0.00 USD'],NO_TRIGGER,FILLED,NO_CONTINGENCY,,,,,,,,c72d407e-3859-40e8-99eb-ed87b5315f52,2023-06-13 00:00:00+00:00,2023-06-13 00:00:00+00:00
O-20230615-000000-001-000-110,BACKTESTER-001,DynamicEventStrategy-000,BERY.SIM,SIM-18-002,BERY.SIM-DynamicEventStrategy-000,SIM-001,SIM-18-024,MARKET,SELL,19404,GTC,True,False,19404,TAKER,56.9,0.0,['0.00 USD'],NO_TRIGGER,FILLED,NO_CONTINGENCY,,,,,,,,ac3b1aac-ef9c-43f8-84d1-bac0239d6c08,2023-06-15 00:00:00+00:00,2023-06-15 00:00:00+00:00
O-20230615-000000-001-000-111,BACKTESTER-001,DynamicEventStrategy-000,CRC.SIM,SIM-33-002,CRC.SIM-DynamicEventStrategy-000,SIM-001,SIM-33-024,MARKET,SELL,20000,GTC,True,False,20000,TAKER,40.84,0.0,['0.00 USD'],NO_TRIGGER,FILLED,NO_CONTINGENCY,,,,,,,,0c6a4759-0ecb-4944-a745-7fde8c41c32a,2023-06-15 00:00:00+00:00,2023-06-15 00:00:00+00:00
O-20230621-000000-001-000-112,BACKTESTER-001,DynamicEventStrategy-000,ABR.SIM,SIM-3-001,ABR.SIM-DynamicEventStrategy-000,SIM-001,SIM-3-016,MARKET,BUY,20000,GTC,False,False,20000,TAKER,11.62,0.0,['0.00 USD'],NO_TRIGGER,FILLED,NO_CONTINGENCY,,,,,,,,33b58d29-eb2d-47ae-8266-25a0c5b1e6ab,2023-06-21 00:00:00+00:00,2023-06-21 00:00:00+00:00
O-20230623-000000-001-000-113,BACKTESTER-001,DynamicEventStrategy-000,ABR.SIM,SIM-3-002,ABR.SIM-DynamicEventStrategy-000,SIM-001,SIM-3-019,MARKET,SELL,20000,GTC,True,False,20000,TAKER,11.0,0.0,['0.00 USD'],NO_TRIGGER,FILLED,NO_CONTINGENCY,,,,,,,,a2f914f7-bc99-4215-bde8-61da60a1c73d,2023-06-23 00:00:00+00:00,2023-06-23 00:00:00+00:00
O-20230728-000000-001-000-115,BACKTESTER-001,DynamicEventStrategy-000,MSGS.SIM,SIM-79-001,MSGS.SIM-DynamicEventStrategy-000,SIM-001,SIM-79-017,MARKET,BUY,5312,GTC,False,False,5312,TAKER,212.24,0.0,['0.00 USD'],NO_TRIGGER,FILLED,NO_CONTINGENCY,,,,,,,,10122782-669f-4aab-8b32-a8a31a36df73,2023-07-28 00:00:00+00:00,2023-07-28 00:00:00+00:00
O-20230801-000000-001-000-116,BACKTESTER-001,DynamicEventStrategy-000,MSGS.SIM,SIM-79-002,MSGS.SIM-DynamicEventStrategy-000,SIM-001,SIM-79-020,MARKET,SELL,5312,GTC,True,False,5312,TAKER,208.94,0.0,['0.00 USD'],NO_TRIGGER,FILLED,NO_CONTINGENCY,,,,,,,,2e528b0c-b001-40a8-bb57-12bb1b3f07ef,2023-08-01 00:00:00+00:00,2023-08-01 00:00:00+00:00
O-20230802-000000-001-000-117,BACKTESTER-001,DynamicEventStrategy-000,ERIE.SIM,SIM-50-001,ERIE.SIM-DynamicEventStrategy-000,SIM-001,SIM-50-017,MARKET,BUY,4464,GTC,False,False,4464,TAKER,251.77,0.0,['0.00 USD'],NO_TRIGGER,FILLED,NO_CONTINGENCY,,,,,,,,2ed1117f-a0cc-471b-9808-3c1a8ccbaf6a,2023-08-02 00:00:00+00:00,2023-08-02 00:00:00+00:00
O-20230803-000000-001-000-118,BACKTESTER-001,DynamicEventStrategy-000,ERIE.SIM,SIM-50-002,ERIE.SIM-DynamicEventStrategy-000,SIM-001,SIM-50-019,MARKET,SELL,4464,GTC,True,False,4464,TAKER,261.01,0.0,['0.00 USD'],NO_TRIGGER,FILLED,NO_CONTINGENCY,,,,,,,,630a89cc-70cf-4fcb-82bd-b6f385ff95b8,2023-08-03 00:00:00+00:00,2023-08-03 00:00:00+00:00
O-20230818-000000-001-000-119,BACKTESTER-001,DynamicEventStrategy-000,DLB.SIM,SIM-41-001,DLB.SIM-DynamicEventStrategy-000,SIM-001,SIM-41-017,MARKET,BUY,13661,GTC,False,False,13661,TAKER,82.88,0.0,['0.00 USD'],NO_TRIGGER,FILLED,NO_CONTINGENCY,,,,,,,,10196b99-b0bb-437f-b7c4-38ce50de15c7,2023-08-18 00:00:00+00:00,2023-08-18 00:00:00+00:00
O-20230822-000000-001-000-120,BACKTESTER-001,DynamicEventStrategy-000,DLB.SIM,SIM-41-002,DLB.SIM-DynamicEventStrategy-000,SIM-001,SIM-41-020,MARKET,SELL,13661,GTC,True,False,13661,TAKER,81.26,0.0,['0.00 USD'],NO_TRIGGER,FILLED,NO_CONTINGENCY,,,,,,,,ac5483da-0c0c-41eb-8761-1f39a47167c9,2023-08-22 00:00:00+00:00,2023-08-22 00:00:00+00:00
O-20230822-000000-001-000-121,BACKTESTER-001,DynamicEventStrategy-000,KVUE.SIM,SIM-69-001,KVUE.SIM-DynamicEventStrategy-000,SIM-001,SIM-69-017,MARKET,BUY,20000,GTC,False,False,20000,TAKER,22.18,0.0,['0.00 USD'],NO_TRIGGER,FILLED,NO_CONTINGENCY,,,,,,,,c5d3c084-bc6e-43d7-86a3-d3a51a1d54cf,2023-08-22 00:00:00+00:00,2023-08-22 00:00:00+00:00
O-20230825-000000-001-000-122,BACKTESTER-001,DynamicEventStrategy-000,KVUE.SIM,SIM-69-002,KVUE.SIM-DynamicEventStrategy-000,SIM-001,SIM-69-021,MARKET,SELL,20000,GTC,True,False,20000,TAKER,21.65,0.0,['0.00 USD'],NO_TRIGGER,FILLED,NO_CONTINGENCY,,,,,,,,fa281289-baad-4c2d-8b46-fd66a714aa1d,2023-08-25 00:00:00+00:00,2023-08-25 00:00:00+00:00
O-20230829-000000-001-000-123,BACKTESTER-001,DynamicEventStrategy-000,JXN.SIM,SIM-68-001,JXN.SIM-DynamicEventStrategy-000,SIM-001,SIM-68-017,MARKET,BUY,20000,GTC,False,False,20000,TAKER,36.55,0.0,['0.00 USD'],NO_TRIGGER,FILLED,NO_CONTINGENCY,,,,,,,,7aa09a0e-0968-416c-80d8-4d46ca7cf72c,2023-08-29 00:00:00+00:00,2023-08-29 00:00:00+00:00
O-20230901-000000-001-000-124,BACKTESTER-001,DynamicEventStrategy-000,JXN.SIM,SIM-68-002,JXN.SIM-DynamicEventStrategy-000,SIM-001,SIM-68-021,MARKET,SELL,20000,GTC,True,False,20000,TAKER,35.7,0.0,['0.00 USD'],NO_TRIGGER,FILLED,NO_CONTINGENCY,,,,,,,,84458944-6131-44ed-8d03-e9b281d0ed19,2023-09-01 00:00:00+00:00,2023-09-01 00:00:00+00:00
O-20231010-000000-001-000-125,BACKTESTER-001,DynamicEventStrategy-000,H.SIM,SIM-64-001,H.SIM-DynamicEventStrategy-000,SIM-001,SIM-64-017,MARKET,SELL,10201,GTC,False,False,10201,TAKER,110.01,0.0,['0.00 USD'],NO_TRIGGER,FILLED,NO_CONTINGENCY,,,,,,,,73914683-2385-431f-b52c-bfa05dd81fdc,2023-10-10 00:00:00+00:00,2023-10-10 00:00:00+00:00
O-20231012-000000-001-000-126,BACKTESTER-001,DynamicEventStrategy-000,H.SIM,SIM-64-002,H.SIM-DynamicEventStrategy-000,SIM-001,SIM-64-020,MARKET,BUY,10201,GTC,True,False,10201,TAKER,106.97,0.0,['0.00 USD'],NO_TRIGGER,FILLED,NO_CONTINGENCY,,,,,,,,352a3ce0-ada3-44d1-b84a-45ee75512129,2023-10-12 00:00:00+00:00,2023-10-12 00:00:00+00:00
O-20231018-000000-001-000-127,BACKTESTER-001,DynamicEventStrategy-000,FND.SIM,SIM-53-001,FND.SIM-DynamicEventStrategy-000,SIM-001,SIM-53-017,MARKET,SELL,13161,GTC,False,False,13161,TAKER,85.74,0.0,['0.00 USD'],NO_TRIGGER,FILLED,NO_CONTINGENCY,,,,,,,,67de5c4d-057a-4e3d-86fd-bc8a9bd7a237,2023-10-18 00:00:00+00:00,2023-10-18 00:00:00+00:00
O-20231020-000000-001-000-128,BACKTESTER-001,DynamicEventStrategy-000,FND.SIM,SIM-53-002,FND.SIM-DynamicEventStrategy-000,SIM-001,SIM-53-020,MARKET,BUY,13161,GTC,True,False,13161,TAKER,82.34,0.0,['0.00 USD'],NO_TRIGGER,FILLED,NO_CONTINGENCY,,,,,,,,6513f9de-854d-4a9c-8200-a96d0512dc52,2023-10-20 00:00:00+00:00,2023-10-20 00:00:00+00:00
O-20231109-000000-001-000-129,BACKTESTER-001,DynamicEventStrategy-000,CNM.SIM,SIM-30-001,CNM.SIM-DynamicEventStrategy-000,SIM-001,SIM-30-017,MARKET,SELL,20000,GTC,False,False,20000,TAKER,31.73,0.0,['0.00 USD'],NO_TRIGGER,FILLED,NO_CONTINGENCY,,,,,,,,dfe1c173-ca71-4958-85e8-4fcf7224c62d,2023-11-09 00:00:00+00:00,2023-11-09 00:00:00+00:00
O-20231114-000000-001-000-130,BACKTESTER-001,DynamicEventStrategy-000,CNM.SIM,SIM-30-002,CNM.SIM-DynamicEventStrategy-000,SIM-001,SIM-30-021,MARKET,BUY,20000,GTC,True,False,20000,TAKER,33.33,0.0,['0.00 USD'],NO_TRIGGER,FILLED,NO_CONTINGENCY,,,,,,,,ec12fa72-68aa-453f-bfa6-d926e4f64153,2023-11-14 00:00:00+00:00,2023-11-14 00:00:00+00:00
O-20231128-000000-001-000-131,BACKTESTER-001,DynamicEventStrategy-000,CG.SIM,SIM-27-001,CG.SIM-DynamicEventStrategy-000,SIM-001,SIM-27-016,MARKET,SELL,20000,GTC,False,False,20000,TAKER,33.14,0.0,['0.00 USD'],NO_TRIGGER,FILLED,NO_CONTINGENCY,,,,,,,,d6582ae5-3a16-4df8-bd16-4f410247704b,2023-11-28 00:00:00+00:00,2023-11-28 00:00:00+00:00
O-20231128-000000-001-000-132,BACKTESTER-001,DynamicEventStrategy-000,CWEN.SIM,SIM-38-001,CWEN.SIM-DynamicEventStrategy-000,SIM-001,SIM-38-016,MARKET,BUY,20000,GTC,False,False,20000,TAKER,22.97,0.0,['0.00 USD'],NO_TRIGGER,FILLED,NO_CONTINGENCY,,,,,,,,5862003f-c2b0-47cc-836b-f9f3ad52d2af,2023-11-28 00:00:00+00:00,2023-11-28 00:00:00+00:00
O-20231130-000000-001-000-133,BACKTESTER-001,DynamicEventStrategy-000,CG.SIM,SIM-27-002,CG.SIM-DynamicEventStrategy-000,SIM-001,SIM-27-019,MARKET,BUY,20000,GTC,True,False,20000,TAKER,32.99,0.0,['0.00 USD'],NO_TRIGGER,FILLED,NO_CONTINGENCY,,,,,,,,c50ade2d-8cb7-48bb-985c-ae5e62ea4129,2023-11-30 00:00:00+00:00,2023-11-30 00:00:00+00:00
O-20231130-000000-001-000-134,BACKTESTER-001,DynamicEventStrategy-000,CWEN.SIM,SIM-38-002,CWEN.SIM-DynamicEventStrategy-000,SIM-001,SIM-38-019,MARKET,SELL,20000,GTC,True,False,20000,TAKER,23.1,0.0,['0.00 USD'],NO_TRIGGER,FILLED,NO_CONTINGENCY,,,,,,,,bc264c67-a848-444a-b8ba-a50c898e28ba,2023-11-30 00:00:00+00:00,2023-11-30 00:00:00+00:00
O-20231228-000000-001-000-135,BACKTESTER-001,DynamicEventStrategy-000,SATS.SIM,SIM-107-001,SATS.SIM-DynamicEventStrategy-000,SIM-001,SIM-107-016,MARKET,BUY,20000,GTC,False,False,20000,TAKER,16.08,0.0,['0.00 USD'],NO_TRIGGER,FILLED,NO_CONTINGENCY,,,,,,,,6660d275-6354-4167-8245-d8a80cb07f4d,2023-12-28 00:00:00+00:00,2023-12-28 00:00:00+00:00
O-20231229-000000-001-000-136,BACKTESTER-001,DynamicEventStrategy-000,SATS.SIM,SIM-107-002,SATS.SIM-DynamicEventStrategy-000,SIM-001,SIM-107-018,MARKET,SELL,20000,GTC,True,False,20000,TAKER,16.57,0.0,['0.00 USD'],NO_TRIGGER,FILLED,NO_CONTINGENCY,,,,,,,,db4ef9cd-de96-4dd9-a971-a98810cecf29,2023-12-29 00:00:00+00:00,2023-12-29 00:00:00+00:00
O-20240103-000000-001-000-137,BACKTESTER-001,DynamicEventStrategy-000,PSTG.SIM,SIM-100-001,PSTG.SIM-DynamicEventStrategy-000,SIM-001,SIM-100-015,MARKET,SELL,20000,GTC,False,False,20000,TAKER,36.52,0.0,['0.00 USD'],NO_TRIGGER,FILLED,NO_CONTINGENCY,,,,,,,,a58cdb78-beae-4246-bf0f-cd60d1e1d9d5,2024-01-03 00:00:00+00:00,2024-01-03 00:00:00+00:00
O-20240105-000000-001-000-138,BACKTESTER-001,DynamicEventStrategy-000,PSTG.SIM,SIM-100-002,PSTG.SIM-DynamicEventStrategy-000,SIM-001,SIM-100-018,MARKET,BUY,20000,GTC,True,False,20000,TAKER,35.89,0.0,['0.00 USD'],NO_TRIGGER,FILLED,NO_CONTINGENCY,,,,,,,,29bd0a42-5cb6-4a5b-9e07-6a7a973c136c,2024-01-05 00:00:00+00:00,2024-01-05 00:00:00+00:00
O-20240118-000000-001-000-139,BACKTESTER-001,DynamicEventStrategy-000,BTU.SIM,SIM-20-001,BTU.SIM-DynamicEventStrategy-000,SIM-001,SIM-20-015,MARKET,BUY,20000,GTC,False,False,20000,TAKER,24.99,0.0,['0.00 USD'],NO_TRIGGER,FILLED,NO_CONTINGENCY,,,,,,,,3f658e17-dbdb-48a3-890d-47e3bbe86cf7,2024-01-18 00:00:00+00:00,2024-01-18 00:00:00+00:00
O-20240123-000000-001-000-140,BACKTESTER-001,DynamicEventStrategy-000,BTU.SIM,SIM-20-002,BTU.SIM-DynamicEventStrategy-000,SIM-001,SIM-20-019,MARKET,SELL,20000,GTC,True,False,20000,TAKER,25.36,0.0,['0.00 USD'],NO_TRIGGER,FILLED,NO_CONTINGENCY,,,,,,,,65206e92-dc1f-40ef-b74a-c25649358d8e,2024-01-23 00:00:00+00:00,2024-01-23 00:00:00+00:00
O-20240227-000000-001-000-141,BACKTESTER-001,DynamicEventStrategy-000,AMH.SIM,SIM-7-001,AMH.SIM-DynamicEventStrategy-000,SIM-001,SIM-7-016,MARKET,SELL,20000,GTC,False,False,20000,TAKER,34.88,0.0,['0.00 USD'],NO_TRIGGER,FILLED,NO_CONTINGENCY,,,,,,,,174dd8ca-3204-4b79-827b-4c37215a7490,2024-02-27 00:00:00+00:00,2024-02-27 00:00:00+00:00
O-20240229-000000-001-000-142,BACKTESTER-001,DynamicEventStrategy-000,CXM.SIM,SIM-39-001,CXM.SIM-DynamicEventStrategy-000,SIM-001,SIM-39-016,MARKET,SELL,20000,GTC,False,False,20000,TAKER,13.03,0.0,['0.00 USD'],NO_TRIGGER,FILLED,NO_CONTINGENCY,,,,,,,,320229c5-c9af-4bd3-bbb3-065264b1e253,2024-02-29 00:00:00+00:00,2024-02-29 00:00:00+00:00
O-20240301-000000-001-000-143,BACKTESTER-001,DynamicEventStrategy-000,AMH.SIM,SIM-7-002,AMH.SIM-DynamicEventStrategy-000,SIM-001,SIM-7-020,MARKET,BUY,20000,GTC,True,False,20000,TAKER,35.47,0.0,['0.00 USD'],NO_TRIGGER,FILLED,NO_CONTINGENCY,,,,,,,,cb281eac-65b4-402a-93a5-dbbee50bcd18,2024-03-01 00:00:00+00:00,2024-03-01 00:00:00+00:00
O-20240304-000000-001-000-144,BACKTESTER-001,DynamicEventStrategy-000,CXM.SIM,SIM-39-002,CXM.SIM-DynamicEventStrategy-000,SIM-001,SIM-39-019,MARKET,BUY,20000,GTC,True,False,20000,TAKER,13.56,0.0,['0.00 USD'],NO_TRIGGER,FILLED,NO_CONTINGENCY,,,,,,,,a75fd5e0-0c37-4f21-a10e-b2503ec23710,2024-03-04 00:00:00+00:00,2024-03-04 00:00:00+00:00
O-20240326-000000-001-000-145,BACKTESTER-001,DynamicEventStrategy-000,APPF.SIM,SIM-11-001,APPF.SIM-DynamicEventStrategy-000,SIM-001,SIM-11-017,MARKET,BUY,4558,GTC,False,False,4558,TAKER,248.71,0.0,['0.00 USD'],NO_TRIGGER,FILLED,NO_CONTINGENCY,,,,,,,,f9eb70ba-432f-4991-8c65-62a4bf3e526f,2024-03-26 00:00:00+00:00,2024-03-26 00:00:00+00:00
O-20240327-000000-001-000-146,BACKTESTER-001,DynamicEventStrategy-000,ROIV.SIM,SIM-103-001,ROIV.SIM-DynamicEventStrategy-000,SIM-001,SIM-103-017,MARKET,BUY,20000,GTC,False,False,20000,TAKER,10.84,0.0,['0.00 USD'],NO_TRIGGER,FILLED,NO_CONTINGENCY,,,,,,,,2b454956-d59a-4079-a507-81d448d5b760,2024-03-27 00:00:00+00:00,2024-03-27 00:00:00+00:00
O-20240418-000000-001-000-147,BACKTESTER-001,DynamicEventStrategy-000,DUOL.SIM,SIM-45-001,DUOL.SIM-DynamicEventStrategy-000,SIM-001,SIM-45-016,MARKET,SELL,5396,GTC,False,False,5396,TAKER,205.06,0.0,['0.00 USD'],NO_TRIGGER,FILLED,NO_CONTINGENCY,,,,,,,,244f67c9-d073-4558-b95c-3b1ff6b69615,2024-04-18 00:00:00+00:00,2024-04-18 00:00:00+00:00
O-20240419-000000-001-000-148,BACKTESTER-001,DynamicEventStrategy-000,CNS.SIM,SIM-31-001,CNS.SIM-DynamicEventStrategy-000,SIM-001,SIM-31-016,MARKET,SELL,15409,GTC,False,False,15409,TAKER,70.38,0.0,['0.00 USD'],NO_TRIGGER,FILLED,NO_CONTINGENCY,,,,,,,,611375d7-156a-4394-84a5-71eeab5fbf57,2024-04-19 00:00:00+00:00,2024-04-19 00:00:00+00:00
O-20240423-000000-001-000-149,BACKTESTER-001,DynamicEventStrategy-000,CNS.SIM,SIM-31-002,CNS.SIM-DynamicEventStrategy-000,SIM-001,SIM-31-019,MARKET,BUY,15409,GTC,True,False,15409,TAKER,69.6,0.0,['0.00 USD'],NO_TRIGGER,FILLED,NO_CONTINGENCY,,,,,,,,26e57233-3fc2-4683-94c2-e3b4b888ba83,2024-04-23 00:00:00+00:00,2024-04-23 00:00:00+00:00
O-20240423-000000-001-000-150,BACKTESTER-001,DynamicEventStrategy-000,DUOL.SIM,SIM-45-002,DUOL.SIM-DynamicEventStrategy-000,SIM-001,SIM-45-020,MARKET,BUY,5396,GTC,True,False,5396,TAKER,220.53,0.0,['0.00 USD'],NO_TRIGGER,FILLED,NO_CONTINGENCY,,,,,,,,f25a6dd2-f9dc-4b26-b663-ffea3d786d8e,2024-04-23 00:00:00+00:00,2024-04-23 00:00:00+00:00
O-20240502-000000-001-000-151,BACKTESTER-001,DynamicEventStrategy-000,IAC.SIM,SIM-65-001,IAC.SIM-DynamicEventStrategy-000,SIM-001,SIM-65-017,MARKET,BUY,20000,GTC,False,False,20000,TAKER,44.02,0.0,['0.00 USD'],NO_TRIGGER,FILLED,NO_CONTINGENCY,,,,,,,,dd9cdbd0-db2e-47db-be74-12710484c513,2024-05-02 00:00:00+00:00,2024-05-02 00:00:00+00:00
O-20240506-000000-001-000-152,BACKTESTER-001,DynamicEventStrategy-000,IAC.SIM,SIM-65-002,IAC.SIM-DynamicEventStrategy-000,SIM-001,SIM-65-020,MARKET,SELL,20000,GTC,True,False,20000,TAKER,45.73,0.0,['0.00 USD'],NO_TRIGGER,FILLED,NO_CONTINGENCY,,,,,,,,0338b48f-1089-4d80-8c49-979a6507207d,2024-05-06 00:00:00+00:00,2024-05-06 00:00:00+00:00
O-20240530-000000-001-000-153,BACKTESTER-001,DynamicEventStrategy-000,SRPT.SIM,SIM-113-001,SRPT.SIM-DynamicEventStrategy-000,SIM-001,SIM-113-016,MARKET,BUY,8832,GTC,False,False,8832,TAKER,124.45,0.0,['0.00 USD'],NO_TRIGGER,FILLED,NO_CONTINGENCY,,,,,,,,9530863e-dab6-46a4-9d6a-470ee1fc5e9d,2024-05-30 00:00:00+00:00,2024-05-30 00:00:00+00:00
O-20240531-000000-001-000-154,BACKTESTER-001,DynamicEventStrategy-000,SRPT.SIM,SIM-113-002,SRPT.SIM-DynamicEventStrategy-000,SIM-001,SIM-113-018,MARKET,SELL,8832,GTC,True,False,8832,TAKER,129.86,0.0,['0.00 USD'],NO_TRIGGER,FILLED,NO_CONTINGENCY,,,,,,,,5268bd37-ff3a-4217-b313-d2326a4f508b,2024-05-31 00:00:00+00:00,2024-05-31 00:00:00+00:00
O-20240621-000000-001-000-155,BACKTESTER-001,DynamicEventStrategy-000,RYAN.SIM,SIM-106-001,RYAN.SIM-DynamicEventStrategy-000,SIM-001,SIM-106-016,MARKET,BUY,18694,GTC,False,False,18694,TAKER,59.31,0.0,['0.00 USD'],NO_TRIGGER,FILLED,NO_CONTINGENCY,,,,,,,,5be26789-381e-4f75-88a2-70c5f78f6820,2024-06-21 00:00:00+00:00,2024-06-21 00:00:00+00:00
O-20240628-000000-001-000-156,BACKTESTER-001,DynamicEventStrategy-000,PTGX.SIM,SIM-101-001,PTGX.SIM-DynamicEventStrategy-000,SIM-001,SIM-101-016,MARKET,SELL,20000,GTC,False,False,20000,TAKER,34.65,0.0,['0.00 USD'],NO_TRIGGER,FILLED,NO_CONTINGENCY,,,,,,,,549b8638-c6df-45d9-b138-4ac03557e3b7,2024-06-28 00:00:00+00:00,2024-06-28 00:00:00+00:00
O-20240628-000000-001-000-157,BACKTESTER-001,DynamicEventStrategy-000,RYAN.SIM,SIM-106-002,RYAN.SIM-DynamicEventStrategy-000,SIM-001,SIM-106-022,MARKET,SELL,18694,GTC,True,False,18694,TAKER,57.62,0.0,['0.00 USD'],NO_TRIGGER,FILLED,NO_CONTINGENCY,,,,,,,,ec4a5c1f-f376-4d41-95c3-1a9958f9e790,2024-06-28 00:00:00+00:00,2024-06-28 00:00:00+00:00
O-20240703-000000-001-000-158,BACKTESTER-001,DynamicEventStrategy-000,PTGX.SIM,SIM-101-002,PTGX.SIM-DynamicEventStrategy-000,SIM-001,SIM-101-020,MARKET,BUY,20000,GTC,True,False,20000,TAKER,34.5,0.0,['0.00 USD'],NO_TRIGGER,FILLED,NO_CONTINGENCY,,,,,,,,7f75b0d4-c4a8-4a71-a3ae-0c993c7b4eb0,2024-07-03 00:00:00+00:00,2024-07-03 00:00:00+00:00
O-20240717-000000-001-000-159,BACKTESTER-001,DynamicEventStrategy-000,GTES.SIM,SIM-60-001,GTES.SIM-DynamicEventStrategy-000,SIM-001,SIM-60-016,MARKET,SELL,20000,GTC,False,False,20000,TAKER,17.48,0.0,['0.00 USD'],NO_TRIGGER,FILLED,NO_CONTINGENCY,,,,,,,,43c3ab37-5a42-4c4f-a1aa-e051b263f0ab,2024-07-17 00:00:00+00:00,2024-07-17 00:00:00+00:00
O-20240724-000000-001-000-160,BACKTESTER-001,DynamicEventStrategy-000,SNDR.SIM,SIM-112-001,SNDR.SIM-DynamicEventStrategy-000,SIM-001,SIM-112-016,MARKET,SELL,20000,GTC,False,False,20000,TAKER,24.64,0.0,['0.00 USD'],NO_TRIGGER,FILLED,NO_CONTINGENCY,,,,,,,,539f4563-ae8c-490c-be29-20a7e5509daa,2024-07-24 00:00:00+00:00,2024-07-24 00:00:00+00:00
O-20240725-000000-001-000-161,BACKTESTER-001,DynamicEventStrategy-000,SNDR.SIM,SIM-112-002,SNDR.SIM-DynamicEventStrategy-000,SIM-001,SIM-112-018,MARKET,BUY,20000,GTC,True,False,20000,TAKER,25.75,0.0,['0.00 USD'],NO_TRIGGER,FILLED,NO_CONTINGENCY,,,,,,,,8fe35316-cdc0-4fee-a97b-301b696fa1d2,2024-07-25 00:00:00+00:00,2024-07-25 00:00:00+00:00
O-20240802-000000-001-000-162,BACKTESTER-001,DynamicEventStrategy-000,APPF.SIM,SIM-11-002,APPF.SIM-DynamicEventStrategy-000,SIM-001,SIM-11-021,MARKET,SELL,4558,GTC,True,False,4558,TAKER,241.18,0.0,['0.00 USD'],NO_TRIGGER,FILLED,NO_CONTINGENCY,,,,,,,,c681f1f4-f069-449a-b4c0-9efcdc747425,2024-08-02 00:00:00+00:00,2024-08-02 00:00:00+00:00
O-20240802-000000-001-000-163,BACKTESTER-001,DynamicEventStrategy-000,FSLR.SIM,SIM-54-002,FSLR.SIM-DynamicEventStrategy-000,SIM-001,SIM-54-022,MARKET,SELL,6504,GTC,True,False,6504,TAKER,156.59,0.0,['0.00 USD'],NO_TRIGGER,FILLED,NO_CONTINGENCY,,,,,,,,d0aa1006-ee7c-42aa-b571-bacef6183ff3,2024-08-02 00:00:00+00:00,2024-08-02 00:00:00+00:00
O-20240802-000000-001-000-164,BACKTESTER-001,DynamicEventStrategy-000,GTES.SIM,SIM-60-002,GTES.SIM-DynamicEventStrategy-000,SIM-001,SIM-60-021,MARKET,BUY,20000,GTC,True,False,20000,TAKER,17.48,0.0,['0.00 USD'],NO_TRIGGER,FILLED,NO_CONTINGENCY,,,,,,,,817efe91-aeaf-4808-9e17-f4b336e13190,2024-08-02 00:00:00+00:00,2024-08-02 00:00:00+00:00
O-20240802-000000-001-000-165,BACKTESTER-001,DynamicEventStrategy-000,NABL.SIM,SIM-81-002,NABL.SIM-DynamicEventStrategy-000,SIM-001,SIM-81-022,MARKET,BUY,20000,GTC,True,False,20000,TAKER,13.13,0.0,['0.00 USD'],NO_TRIGGER,FILLED,NO_CONTINGENCY,,,,,,,,02d29601-6a39-4f43-9e7d-e38ad41d8b65,2024-08-02 00:00:00+00:00,2024-08-02 00:00:00+00:00
O-20240802-000000-001-000-166,BACKTESTER-001,DynamicEventStrategy-000,ROIV.SIM,SIM-103-002,ROIV.SIM-DynamicEventStrategy-000,SIM-001,SIM-103-020,MARKET,SELL,20000,GTC,True,False,20000,TAKER,10.43,0.0,['0.00 USD'],NO_TRIGGER,FILLED,NO_CONTINGENCY,,,,,,,,f7b2e7ed-140c-469f-b7b0-7f0556f43c35,2024-08-02 00:00:00+00:00,2024-08-02 00:00:00+00:00
O-20240802-000000-001-000-167,BACKTESTER-001,DynamicEventStrategy-000,SNCY.SIM,SIM-111-002,SNCY.SIM-DynamicEventStrategy-000,SIM-001,SIM-111-020,MARKET,BUY,20000,GTC,True,False,20000,TAKER,18.84,0.0,['0.00 USD'],NO_TRIGGER,FILLED,NO_CONTINGENCY,,,,,,,,8f0b9544-aa9d-4194-b7d8-77160e3db8d0,2024-08-02 00:00:00+00:00,2024-08-02 00:00:00+00:00
